,Name,,,,,,,,
0,Rajiv Gandhi University,,,,,,,,
1,Assam University,,,,,,,,
2,Tezpur University,,,,,,,,
3,University of Hyderabad,,,,,,,,
4,Maulana Azad National Urdu University,,,,,,,,
5,English & Foreign Languages University,,,,,,,,
6,Jamia Millia Islamia,,,,,,,,
7,University of Delhi,,,,,,,,
8,Jawaharlal Nehru University,,,,,,,,
9,Indira Gandhi National Open University,,,,,,,,
10,The Indira Gandhi National Tribal University,,,,,,,,
11,Mahatma Gandhi Antarrashtriya Hindi Vishwavidyalaya,,,,,,,,
12,Mizoram University,,,,,,,,
13,North Eastern Hill University,,,,,,,,
14,Manipur University,,,,,,,,
15,Central Agricultural University,,,,,,,,
16,Pondicherry University,,,,,,,,
17,Sikkim University,,,,,,,,
18,Tripura University,,,,,,,,
19,Aligarh Muslim University,,,,,,,,
20,Babasaheb Bhimrao Ambedkar University,,,,,,,,
21,Banaras Hindu University,,,,,,,,
22,University of Allahabad,,,,,,,,
23,Visva Bharati,,,,,,,,
24,Hemwati Nandan Bahuguna Garhwal University,,,,,,,,
25,Central university of Tamil Nadu,,,,,,,,
26,Indian Maritime University,,,,,,,,
27,Central University of Rajasthan ,,,,,,,,
28,Central University of Punjab,,,,,,,,
29,Central University of Orissa,,,,,,,,
30,Dr. Harisingh Gour Vishwavidyalaya,,,,,,,,
31,Central University of Kerala,,,,,,,,
32,Central University of Karnataka,,,,,,,,
33,Central University of Jharkhand,,,,,,,,
34,Central University of Kashmir,,,,,,,,
35,Central University of Jammu,,,,,,,,
36,Central University of Himachal Pradesh,,,,,,,,
37,Central University of Haryana,,,,,,,,
38,Guru Ghasidas Vishwavidyalaya,,,,,,,,
39,Central University of South Bihar,,,,,,,,
40,Central University of Gujarat,,,,,,,,
41,Gandhi Institute of Technology and Management (GITAM),,,,,,,,
42,International  Institute of Information Technology,,,,,,,,
43,Koneru Lakshmaiah Education Foundation ,,,,,,,,
44,Rashtriya Sanskrit Vidyapeeth,,,,,,,,
45,Sri Sathya Sai Institute of Higher Learning ,,,,,,,,
46,ICFAI Foundation for Higher Education ,,,,,,,,
47,Vignan's Foundation for Science   Technology and Research,,,,,,,,
48,North Eastern Regional Institute of Science & Technology,,,,,,,,
49,Nava Nalanda Mahavihara,,,,,,,,
50,Punjab Engineering College,,,,,,,,
51,Indian Agricultural Research Institute,,,,,,,,
52,Indain Institute of Foreigen Trade,,,,,,,,
53,Indian Law Institute ,,,,,,,,
54,Institute of liver and Biliary Sciences,,,,,,,,
55,Jamia Hamdard,,,,,,,,
56,National Museum Institute of History of Arts  Conservation and Musicology,,,,,,,,
57,National Institute of Food Technology  Entrepreneurship & Management (NIFTEM),,,,,,,,
58,National University of Educational Planning & Administration,,,,,,,,
59,Rashtriya Sanskrit Sansthana ,,,,,,,,
60,Shri Lal Bahadur Shastri Rashtriya Sanskrit Vidyapith,,,,,,,,
61,TERI School of Advanced studies,,,,,,,,
62,Gujarat Vidyapith ,,,,,,,,
63,Sumandeep Vidyapeeth ,,,,,,,,
64,Maharishi Markandeshwar (Deemed to be University),,,,,,,,
65,Lingaya's Vidyapeeth,,,,,,,,
66,National Brain Research Centre ,,,,,,,,
67,National Dairy Research Institute,,,,,,,,
68,Manav Rachna International Institute of Research and Studies,,,,,,,,
69,Birla Institute of Technology,,,,,,,,
70,B.L.D.E. ,,,,,,,,
71,Christ ,,,,,,,,
72,Indian Institute of Science ,,,,,,,,
73,International Institute of Information Technology,,,,,,,,
74,Jain ,,,,,,,,
75,JSS Academy of Higher Education & Research,,,,,,,,
76,Jawahar lal Nehru Centre for Advanced Scientific Research,,,,,,,,
77,K.L.E. Academy of Higher Education and Research,,,,,,,,
78,Manipal Academy of Higher Education,,,,,,,,
79,National Institute of Mental Health & Neuro Sciences ,,,,,,,,
80,NITTE ,,,,,,,,
81,Sri Devraj Urs Academy of Higher Education and Research ,,,,,,,,
82,Sri Siddhartha Academy of Higher Education ,,,,,,,,
83,Swami Vivekananda Yoga Anusandhana Samsthana,,,,,,,,
84,Yenepoya ,,,,,,,,
85,Kerala Kalamandalam ,,,,,,,,
86,Indian Institute of Space Science and Technology,,,,,,,,
87,Indian Institute of Information Technology and Management,,,,,,,,
88,Pandit Dwarka Prasad Mishra Indian Institute of Information Technology,,,,,,,,
89,Lakshmibai National Institute of Physical Education ,,,,,,,,
90,Bharati Vidyapeeth,,,,,,,,
91,Central Institute of Fisheries Education ,,,,,,,,
92,D.Y Patil Educational Society,,,,,,,,
93,Datta Meghe Institute of Medical Sciences,,,,,,,,
94,Deccan College Postgraduate & Research Institute,,,,,,,,
95,Dr. D.Y. Patil Vidyapeeth ,,,,,,,,
96,Gokhale Institute of Politics & Economics ,,,,,,,,
97,Homi Bhabha National Institute  Regd. Office,,,,,,,,
98,Indira Gandhi Institute of Development Research ,,,,,,,,
99,Defence Institute of Advanced Technology,,,,,,,,
100,International Institute for Population Sciences ,,,,,,,,
101,Institute of Chemical Technology,,,,,,,,
102,Krishna Institute of Medical Sciences ,,,,,,,,
103,MGM Institute of Health Sciences,,,,,,,,
104,Narsee Monjee Institute of Management Studies ,,,,,,,,
105,Padmashree Dr.D.Y. Patil Vidyapeeeth,,,,,,,,
106,Pravara Institute of Medical Sciences,,,,,,,,
107,Symbiosis International University,,,,,,,,
108,Tata Institute of Fundamental Research,,,,,,,,
109,Tata Institute of Social Sciences ,,,,,,,,
110,Tilak Maharashtra Vidyapeeth,,,,,,,,
111,Kalinga Institute of Industrial Technology,,,,,,,,
112,Siksha 'O' Anusandhan,,,,,,,,
113,Sant Longowal Institute of Engineering and Technology,,,,,,,,
114,Thapar Institute of Engineering & Technology ,,,,,,,,
115,Sri Balaji Vidyapeeth (Deemed to be University),,,,,,,,
116,Banasthai Vidyapith ,,,,,,,,
117,Birla Institute of Technology & Science,,,,,,,,
118,Institute of Advanced Studies in Education ,,,,,,,,
119,IIS ,,,,,,,,
120,Jain Vishva Bharati Institute ,,,,,,,,
121,Janardan Rai Nagar Rajasthan Vidyapeeth,,,,,,,,
122,The LNM Institute of Information Technology  jaipur,,,,,,,,
123,Mody Institute of Education and Research ,,,,,,,,
124,Academy of Maritime Education and Training ,,,,,,,,
125,Amrita Vishwa Vidyapeetham,,,,,,,,
126,Avinashilingam Institute for Home Science & Higher Education for Women,,,,,,,,
127,B.S. Abdur Rahman Institute of Science and Technology ,,,,,,,,
128,Bharath Institute of Higher Education & Research,,,,,,,,
129,Chennai Mathematical Institute  ,,,,,,,,
130,Chettinad Academy of Research and Education  (CARE),,,,,,,,
131,The Gandhiigram Rural Institute,,,,,,,,
132,Hindustan Institute of Technology  and Science (HITS),,,,,,,,
133,Kalasalingam Academy of Research and Education,,,,,,,,
134,Karunya Institute of Technology and Sciences,,,,,,,,
135,Karpagam Academy of Higher Education ,,,,,,,,
136,Dr. M.G.R. Educational and Research Institute ,,,,,,,,
137,Meenakshi Academy of Higher Education and Research  ,,,,,,,,
138,Noorul Islam Centre for Higher Education ,,,,,,,,
139,Periyar Manaimmai Institute of Science & Technology (PMIST),,,,,,,,
140,Ponnaiyan Ramajayam Institute of Science & technology (PMIST),,,,,,,,
141,Rajiv Gandhi National Institute of Youth Development,,,,,,,,
142,S.R.M Institute of Science and Technology,,,,,,,,
143,Sathyabama Institute of Science and Technology,,,,,,,,
144,Saveetha Institute of Medical and Technical Sciences                ,,,,,,,,
145,Shanmugha Arts Science Technology & Research Academy (SASTRA) ,,,,,,,,
146,Sri Chandrasekharendra Saraswathi Vishwa Mahavidyalaya ,,,,,,,,
147,Sri Ramachandra Medical College and Research Institute ,,,,,,,,
148,St. Peter’s Institute of Higher Education and Research,,,,,,,,
149,VELS Institute of Science Technology & Advanced Studies (VISTAS) ,,,,,,,,
150,Vellore Institute of Technology ,,,,,,,,
151,Vel Tech Rangarajan Dr. Sagunthala R & D Institute of Science and Technology ,,,,,,,,
152,Vinayaka Mission’s Research Foundation ,,,,,,,,
153,Sam Higginbottom Institute of Agriculture  Technology & Sciences,,,,,,,,
154,Bhatkhande Music Institute ,,,,,,,,
155,Central Institute of Higher Tibetan Studies ,,,,,,,,
156,Dayalbagh Educational Institute  ,,,,,,,,
157,Indian Veterinary Research Institute ,,,,,,,,
158,Jaypee Institute of Information Technology ,,,,,,,,
159,Nehru Gram Bharati ,,,,,,,,
160,Shobhit Institute of Engineering & Technology ,,,,,,,,
161,Santosh ,,,,,,,,
162,Forest Research Institute ,,,,,,,,
163,Gurukul Kangri vidyapeeth,,,,,,,,
164,Graphic Era   ,,,,,,,,
165,Ramakrishna Mission Vivekananda Educational  and Research Institute,,,,,,,,
166,Assam Don Bosco University,,,,,,,,
167,Dr. C.V. Raman University,,,,,,,,
168,MATS University ,,,,,,,,
169,Charotar University of Science & Technology,,,,,,,,
170,Calorx Teacher's University ,,,,,,,,
171,Dhirubhai Ambani Institute of Information and Communication Technology ,,,,,,,,
172,Ganpat University ,,,,,,,,
173,Kadi  Sarva Vishwavidyalaya,,,,,,,,
174,Nirma University,,,,,,,,
175,Pandit Deendayal petroleum University,,,,,,,,
176,The Northcap University ,,,,,,,,
177,O.P. Jindal Global University,,,,,,,,
178,Acharaya N.G.Ranga Agricultural University,,,,,,,,
179,Acharaya Nagarjuna University,,,,,,,,
180,Adikavi Nannaya University,,,,,,,,
181,Alagappa University,,,,,,,,
182,Aliah University,,,,,,,,
183,Anand Agricultural University,,,,,,,,
184,Dr. N.T.R. University of Health Sciences,,,,,,,,
185,Andhra University,,,,,,,,
186,Anna University,,,,,,,,
187,Annamalai University,,,,,,,,
188,Assam Agricultural University,,,,,,,,
189,Awadesh Pratap Singh University,,,,,,,,
190,Baba Farid University of Health Sciences,,,,,,,,
191,Baba Ghulam Shah Badshah University,,,,,,,,
192,Babasaheb Bhimrao Ambedkar Bihar University ,,,,,,,,
193,Bangalore University,,,,,,,,
194,Barkatullaah University,,,,,,,,
195,Bastar Vishwavidyalaya ,,,,,,,,
196,Berhampur University,,,,,,,,
197,Bhagat Phool Singh Mahila Vishwavidyalaya,,,,,,,,
198,Bharathiar University,,,,,,,,
199,Bharathidasan University,,,,,,,,
200,Krishnakumarsinhji Bhavnagar University,,,,,,,,
201,Bhupender Narayan Mandal University,,,,,,,,
202,Bidhan Chandra Krishi Vishwavidyalaya,,,,,,,,
203,Biju Patnaik University of Technology,,,,,,,,
204,Birsa Agricultural University,,,,,,,,
205,Bundelkhand University,,,,,,,,
206,Burdwan University,,,,,,,,
207,Calcutta University,,,,,,,,
208,Calicut University ,,,,,,,,
209,CEPT University ,,,,,,,,
210,Chanakya National Law University,,,,,,,,
211,Chandr Shekhar Azad University of Agriculture & Technology,,,,,,,,
212,Chatrapati Sahuji Maharaj Kanpur University,,,,,,,,
213,Chaudhary Devi Lal University,,,,,,,,
214,Chhattisgarh Swami Vivekanad Technical Universty,,,,,,,,
215,Choudary Charan Singh Haryana Agricultural Univeersity,,,,,,,,
216,Choudary Charan Singh University,,,,,,,,
217,Cochin Unviersity of Science & Technology,,,,,,,,
218,Davangere University,,,,,,,,
219,Deen Bandhu Chhotu Ram University of Sciences & Technology,,,,,,,,
220,Deen Dayal Upadhyay Gorakhpur University,,,,,,,,
221,Devi Ahilya Vishwavidyalaya,,,,,,,,
222,Dharmsinh Desai University,,,,,,,,
223,Dibrugarh University,,,,,,,,
224,Doon University,,,,,,,,
225,Dr. B.R.Ambedkar   University,,,,,,,,
226,Dr. B.R.Ambedkar Open University,,,,,,,,
227,Dr. B.R. Ambedkar University,,,,,,,,
228,Dr. Babasaheb Ambedkar Marathwada University,,,,,,,,
229,Dr. Babasaheb Ambedkar Open University,,,,,,,,
230,Dr. Babasaheb AmbedkarTechnological University,,,,,,,,
231,Dr. Punjabrao Deshmukh Krishi Vidyapeeth,,,,,,,,
232,Dr. Ram Manohar Lohia Awadh University,,,,,,,,
233,Dr. Ram Manohar Lohiya National Law University,,,,,,,,
234,Dr. Shakuntala Misra National Rehabilitation University,,,,,,,,
235,Dr. Y.S.Parmar University of Horticulture & Forestry ,,,,,,,,
236,Dravidian University,,,,,,,,
237,Fakir Mohan University,,,,,,,,
238,G.B.Pant University of Agriculture & Technology,,,,,,,,
239,Gauhati University,,,,,,,,
240,Univesity of Gour Banga ,,,,,,,,
241,Gautam Buddha University,,,,,,,,
242,Goa University,,,,,,,,
243,Gujarat Ayurveda University,,,,,,,,
244,Gujarat National Law University,,,,,,,,
245,Gujarat Technological University,,,,,,,,
246,Gujarat University,,,,,,,,
247,Gulbarga University,,,,,,,,
248,Guru Angad Dev Veterinary & Animal Sciences University,,,,,,,,
249,Guru Jambeshwar University of Science and Technology,,,,,,,,
250,Guru Nanak Dev University,,,,,,,,
251,Hemchandracharya North Gujarat University,,,,,,,,
252,Hidayatullah National Law University,,,,,,,,
253,Chaudhary Sarwan Kumar Himachal Pradesh Krishi Vishvavidyalaya,,,,,,,,
254,Himachal Pradesh University,,,,,,,,
255,Indira Gandhi Krishi Vishwavidyalaya,,,,,,,,
256,Indira Kala Sangeet Vishwavidyalaya,,,,,,,,
257,Islamic University of Sciences & Technology University,,,,,,,,
258,Jadavpur University,,,,,,,,
259,Jagadguru Ramanandacharya Sanskrit University,,,,,,,,
260,Jai Naraim Vyas University,,,,,,,,
261,Jai Prakash vishwavidyalaya(university),,,,,,,,
262,Jammu University ,,,,,,,,
263,Jawaharlal Nehru Krishi Vishwavidyalaya,,,,,,,,
264,Jawaharlal Nehru Technological University,,,,,,,,
265,Jawaharlal Nehru Technological University,,,,,,,,
266,Jawaharlal Nehru Technological University,,,,,,,,
267,Jiwaji University,,,,,,,,
268,Kakatiya University,,,,,,,,
269,Kalyani University,,,,,,,,
270,Kameshwar Singh.Darbhanga Sanskrit Vishwavidyalaya,,,,,,,,
271,Karanataka  State Law University,,,,,,,,
272,Karanataka  State Open University,,,,,,,,
273,Kannada University,,,,,,,,
274,Kannur University,,,,,,,,
275,"Akkamahadevi women's  University (Formerly known as ""Karnataka State Women's University)",,,,,,,,
276,Karanataka  University,,,,,,,,
277,Karanataka Veterinary  Animal & Fisheries Science University ,,,,,,,,
278,Kashmir University,,,,,,,,
279,Kavi Kulguru Kalidas Sanskrit Vishwavidyalaya,,,,,,,,
280,Kerala University,,,,,,,,
281,Kerala Agricultural Unviersity,,,,,,,,
282,King Georges Medical University,,,,,,,,
283,Kolhan University ,,,,,,,,
284,Konkan Krishi Vidyapeeth,,,,,,,,
285,Krantiguru Shyamji Krishna Verma Kachchh University,,,,,,,,
286,Krishna Kanta Handique State Open University,,,,,,,,
287,Krishna University ,,,,,,,,
288,Kumaun University,,,,,,,,
289,Kurukshetra University,,,,,,,,
290,Kushabhau Thakre Patrakarita Avam Jansanchar Vishwavidyalaya,,,,,,,,
291,Kuvempu University,,,,,,,,
292,Lalit Narayan Mithila University,,,,,,,,
293,Lucknow University,,,,,,,,
294,Mahatma Gandhi Chitrakoot Gramodaya Vishwavidyalaya,,,,,,,,
295,M.J.P. Rohilkhand University,,,,,,,,
296,M.P.Bhoj (open) University,,,,,,,,
297,Madaras University,,,,,,,,
298,Madurai Kamraj University,,,,,,,,
299,Magadh University,,,,,,,,
300,Maharshi Panini Sanskrit Evam Vedic Vishwavidyalaya,,,,,,,,
301,Maharahtra University of Health Sciences,,,,,,,,
302,Maharaja Sayajirao University of Baroda ,,,,,,,,
303,Maharana Pratap University of Agriculture & Technology,,,,,,,,
304,Maharashtra Animal & Fishery Sciences University ,,,,,,,,
305,Maharishi Dayanand Saraswati University,,,,,,,,
306,Maharishi Dayanand University,,,,,,,,
307,Mahatam Gandhi Kashi Vidyapeeth,,,,,,,,
308,Mahatma Gandhi University ,,,,,,,,
309,Mahatma Gandhi Unversity ,,,,,,,,
310,Mahatma Phule Krishi Vidyapeeth,,,,,,,,
311,Makhanlal Chaturvedi National University of Journalism & Communication,,,,,,,,
312,Mangalore University,,,,,,,,
313,Manonmaniam Sundarnar University,,,,,,,,
314,Marathwada Agricultural University,,,,,,,,
315,Maulana Mazharul Haque Arabic & Persian University,,,,,,,,
316,Mohan Lal Shukhadia University,,,,,,,,
317,Mother Teresa Women's University,,,,,,,,
318,Mumbai University,,,,,,,,
319,Mysore University,,,,,,,,
320,Nalanda Open University,,,,,,,,
321,Narendra Deo University of Agriculture & Technology,,,,,,,,
322,National Academy of Legal Studies & Research University,,,,,,,,
323,National Law Institute University,,,,,,,,
324,National law School of India University,,,,,,,,
325,National Law Universituy,,,,,,,,
326,National University of Advanced Legal Studies (NUALS),,,,,,,,
327,Netaji Shubhash Open University,,,,,,,,
328,Nilamber-Pitamber University,,,,,,,,
329,North Benagal University,,,,,,,,
330,Kavayitri Bahinabai Chadhari North Maharashtra University,,,,,,,,
331,Orissa University Of Agriculture & Technology,,,,,,,,
332,Osmania University,,,,,,,,
333,Palamuru University ,,,,,,,,
334,Periyar University,,,,,,,,
335,Potti Sreeramulu Teugu Universtity,,,,,,,,
336,Pt. Bhagwat Dayal Sharma University of Health Sciences,,,,,,,,
337,Pt. Sundarlal Sharma (Open) University,,,,,,,,
338,Pt.Ravishankar Shukla University,,,,,,,,
339,Savitribai Phule Pune University,,,,,,,,
340,Punjab Agriculture University,,,,,,,,
341,Punjab Technical University,,,,,,,,
342,Punjabi University,,,,,,,,
343,Rabindra Bharati University,,,,,,,,
344,Swami Keshwanand Rajasthan Agriculture University,,,,,,,,
345,Rajasthan Ayurveda University,,,,,,,,
346,Rajasthan Technical University,,,,,,,,
347,Rajasthan University,,,,,,,,
348,Rajasthan University of Health Sciences,,,,,,,,
349,Rajendra Agricultural University,,,,,,,,
350,Rajiv Gandhi Prodoyogiki Vishwavidyalaya,,,,,,,,
351,Rajiv Gandhi University of Health Science,,,,,,,,
352,Ranchi University,,,,,,,,
353,Rani Durgavati Vishwavidyalaya,,,,,,,,
354,Ravenshaw University,,,,,,,,
355,Rayalaseema University,,,,,,,,
356,Sambalpur University,,,,,,,,
357,Sampurnanand Sanskrit Vishwavidyalaya,,,,,,,,
358,Sant Gadge Baba Amravati University,,,,,,,,
359,Sardar Patel University,,,,,,,,
360,Sardar Vallabh Bhai Patel University of Agriculture & Technology,,,,,,,,
361,Sarguja University,,,,,,,,
362,Satavahana University,,,,,,,,
363,Saurashtra University,,,,,,,,
364,Sher-e-Kashmir University of Agricultural Science & Technology,,,,,,,,
365,Shivaji University,,,,,,,,
366,Shree Sankaracharaya University of Sanskrit,,,,,,,,
367,Shree Somnath Sanskrit University,,,,,,,,
368,Shri Jagannath Sanskrit Vishwavidyalaya,,,,,,,,
369,Shri Mata Vaishno Devi University,,,,,,,,
370,Sri krishnadevaraya University,,,,,,,,
371,Sido Kanhu University,,,,,,,,
372,Smt. Nathibai Damodar Thackersey Women's University,,,,,,,,
373,Solapur University ,,,,,,,,
374,Veer Narmad South Gujarat University,,,,,,,,
375,Sri Padmavati Mahila Vishwavidyalayam,,,,,,,,
376,Sri Venkateswara University,,,,,,,,
377,Sri Venkateswara Vedic University,,,,,,,,
378,Sri Venkateswara Veterinary University,,,,,,,,
379,Swami Ramanand Teerth Marathwada University,,,,,,,,
380,T.M. Bhagalpur University,,,,,,,,
381,Tamil Nadu Open University,,,,,,,,
382,Tamil Nadu Teacher Education University,,,,,,,,
383,Tamil University,,,,,,,,
384,Tamilnadu Agricultural University,,,,,,,,
385,Tamilnadu Dr. Ambedkar Law University,,,,,,,,
386,Tamilnadu Dr. M.G.R.Medical University,,,,,,,,
387,Tamilnadu Physical Educaton and Sports University,,,,,,,,
388,Tamilnadu Veterinary & Animal Sciences University,,,,,,,,
389,Telangana University,,,,,,,,
390,The Rajiv Gandhi National University of Law,,,,,,,,
391,The Rashtrasant Tukadoji Maharaj Nagpur University,,,,,,,,
392,Thiruvalluvar University,,,,,,,,
393,Tumkur University,,,,,,,,
394,U.P.King George's University of Dental Sciences,,,,,,,,
395,U.P. Rajarshi Tandon Open University,,,,,,,,
396,University of Agricultural Sciences,,,,,,,,
397,University of Agricultural Sciences,,,,,,,,
398,University of Kota,,,,,,,,
399,Utkal University,,,,,,,,
400,Utkal University of Culture,,,,,,,,
401,Dr. A.P.J. Abdul Kalam Technical University,,,,,,,,
402,Uttarakhand Sanskrit University,,,,,,,,
403,Uttarakhand Technical University,,,,,,,,
404,Vardhman Mahaveer Open University,,,,,,,,
405,Veer Bahadur Singh Purvanchal University,,,,,,,,
406,Veer Kunwar Singh University,,,,,,,,
407,Veer Surendra Sai University of Technology,,,,,,,,
408,Vesveswaraiah Technological University,,,,,,,,
409,Vikrama Simhapuri University,,,,,,,,
410,Vikram University,,,,,,,,
411,Vinoba Bhave University,,,,,,,,
412,Yashwant Rao Chavan Maharashtra Open University,,,,,,,,
413,Yogi Vemana University ,,,,,,,,
414,Maharishi University of Management and Technology,,,,,,,,
415,Ahmedabad University ,,,,,,,,
416,AMITY University ,,,,,,,,
417,Chitkara University,,,,,,,,
418,Jaypee University of Information Technology,,,,,,,,
419,Eternal University,,,,,,,,
420,Shoolini University of Biotechnology and Management Sciences,,,,,,,,
421,Indus International Uniersity,,,,,,,,
422,Arni University,,,,,,,,
423,Manav Bharti University,,,,,,,,
424,Bahra University ,,,,,,,,
425,The Institute of Chartered Financial Analysts of India University,,,,,,,,
426,Jaypee University of Engineering & Technology,,,,,,,,
427,Martin Luther Christian University,,,,,,,,
428,Techno Global University,,,,,,,,
429,The Institute of Chartered Financial Analysts of India University,,,,,,,,
430,University of Science & Technology  Meghalaya,,,,,,,,
431,The Institute of Chartered Financial Analysts of India University,,,,,,,,
432,The Global Open University,,,,,,,,
433,ICFAI University,,,,,,,,
434,Lovely Professional University,,,,,,,,
435,Amity University ,,,,,,,,
436,Bhagwant University,,,,,,,,
437,Jagannath University,,,,,,,,
438,Jaipur National University,,,,,,,,
439,Jodhpur National University,,,,,,,,
440,Jayoti Vidyapeet Women's University,,,,,,,,
441,Mahatma Jyoti Rao Phoole University,,,,,,,,
442,Mewar University,,,,,,,,
443,NIMS University,,,,,,,,
444,Shri Jagdish Prasad Jhabarmal Tibrewala University,,,,,,,,
445,Sir Padmapat Singhania University,,,,,,,,
446,Singhania University,,,,,,,,
447,Suresh Gyan Vihar University,,,,,,,,
448,Shridhar University ,,,,,,,,
449,The Institute of Chartered Financial Analysts of India University,,,,,,,,
450,Sikkim Manipal University,,,,,,,,
451,Vinayaka Missions Sikkim University ,,,,,,,,
452,ICFAI University,,,,,,,,
453,AMITY University ,,,,,,,,
454,Jagadgura Rambhadracharya Handicapped University,,,,,,,,
455,Integral University ,,,,,,,,
456,Mangalayatan University,,,,,,,,
457,Mohammad Ali Jauhar University,,,,,,,,
458,Teerthanker Mahaveer University,,,,,,,,
459,Sharda University,,,,,,,,
460,Swami Vivekananda Subharti University,,,,,,,,
461,Dev Sanakrit Vishwavidyalaya,,,,,,,,
462,Himgiri Zee University,,,,,,,,
463,The ICFAI University,,,,,,,,
464,University of Petroleum and Energy Studies,,,,,,,,
465,University of Patanjali ,,,,,,,,
466,Punjab University,,,,,,,,
467,National Law University,,,,,,,,
468,Indraprastha Institute of Information Technology,,,,,,,,
469,Guru Gobind Singh Indraprastha Vishwavidyalaya,,,,,,,,
470,Delhi Technological University,,,,,,,,
471,Ambedkar University Delhi (AUD),,,,,,,,
472,West Bengal State University,,,,,,,,
473,Maulana Abul Kalam Azad University of Technology,,,,,,,,
474,West Bengal University of Animal and Fishery Sciences,,,,,,,,
475,Vidya Sagar University,,,,,,,,
476,Uttar Banga Krishi Vishwavidyalaya,,,,,,,,
477,The West Bengal University of Health Sciences,,,,,,,,
478,The West Bengal National University of Juridical Science,,,,,,,,
479,The Bengal Engineering & Science University,,,,,,,,
480,Patna University,,,,,,,,
481,National Law University,,,,,,,,
482,Arybhatta Knowledge University,,,,,,,,
483,Indian Institute of Technology (Roorkee),,,,,,,,
484,National Institute of Technology,,,,,,,,
485,National Institute of Technology,,,,,,,,
486,Malviya National Institute of Technology,,,,,,,,
487,Motilal Nehru National Institute of Technolgy,,,,,,,,
488,National Insitute of Technology,,,,,,,,
489,National Institute of Technology,,,,,,,,
490,National Institute of Technology,,,,,,,,
491,National Institute of Technology,,,,,,,,
492,National Institute of Technology Karnataka,,,,,,,,
493,National Institute of Technology,,,,,,,,
494,Visvesvaraya National  Institute of Technology,,,,,,,,
495,Maulana Azad National Institute of Technology,,,,,,,,
496,National Institute of Technology,,,,,,,,
497,Sardar Valabh Bhai National Institute  of Technology,,,,,,,,
498,National Institute of Technology,,,,,,,,
499,B.R.Ambedkar National Institute of Technology,,,,,,,,
500,National Institute of Technology,,,,,,,,
501,National Institute of Technology,,,,,,,,
502,National Institute of Technology,,,,,,,,
503,National Institute of Technology,,,,,,,,
504,Indian Institute of Technology,,,,,,,,
505,All India Institute of Medical Sciences,,,,,,,,
506,Indian Institute of Technology,,,,,,,,
507,Sree Chitra Tirunal Institute for Medical Sciences & Technology,,,,,,,,
508,Indian Institute of Technology,,,,,,,,
509,Dakshina Bharat Hindi Prachar Sabha,,,,,,,,
510,Indian Institute of Technology,,,,,,,,
511,Indian Institute of Technology,,,,,,,,
512,Indian Statistical Institute,,,,,,,,
513,Post-Graduate Institute of Medical Education & Research,,,,,,,,
514,National Institute of Pharmeutical Education & Research,,,,,,,,
515,Indian Institute of Technology Ropar,,,,,,,,
516,Indian Institute of Technology,,,,,,,,
517,Indian Institute of Technology,,,,,,,,
518,National Institute of Technology,,,,,,,,
519,Indian Institute of Technology,,,,,,,,
520,Indian Institute of Technology,,,,,,,,
521,Alliance University,,,,,,,,
522,Apeejay Stya University,,,,,,,,
523,Azim Premji University,,,,,,,,
524,Baddi University of Emerging Sciences & Technology,,,,,,,,
525,Centurion  University  of Technolgy and Management,,,,,,,,
526,Chitkara  University,,,,,,,,
527,CMJ University,,,,,,,,
528,Dr K N Modi University,,,,,,,,
529,G L A University,,,,,,,,
530,IFTM University,,,,,,,,
531,Invertis University,,,,,,,,
532,Maharishi Markandeshwar University,,,,,,,,
533,Navrachana University,,,,,,,,
534,Noida International University,,,,,,,,
535,Pacific Academy of Higher Education  & Research (PAHER),,,,,,,,
536,dsdsds,,,,,,,,
537,South Asian University,,,,,,,,
538,University College of Medical Sciences,,,,,,,,
539,Damodaram Sanjivayya National Law University,,,,,,,,
540,Jawaharlal Nehru Architecture and Fine Arts University,,,,,,,,
541,Ayush and Health Sciences University of Chhattisgarh,,,,,,,,
542,Gujarat Forensic Sciences University,,,,,,,,
543,Lala Lajpat Rai University of Veterinary & Animal Sciences ,,,,,,,,
544,YMCA University of Science & Technology,,,,,,,,
545,Himachal Pradesh Technical University,,,,,,,,
546,National University of Study & Research in Law,,,,,,,,
547,Rani Channamma University,,,,,,,,
548,Vijayanagara Sri Krishnadevaraya University,,,,,,,,
549,Kerala University of Fisheries & Ocean Studies ,,,,,,,,
550,Kerala Veterinary & Animal Sciences University,,,,,,,,
551,Kerala University of Health Sciences,,,,,,,,
552,Madhya Pradesh Pashu Chikitsa Vigyan Vishwavidyalaya,,,,,,,,
553,Maharaja Ganga Singh University,,,,,,,,
554,Mahamaya Technical University,,,,,,,,
555,Khwaja Moinuddin Chishti Urdu  Arabi-Farsi University,,,,,,,,
556,Presidency University,,,,,,,,
557,Sidho-Kanho-Birsha University,,,,,,,,
558,Uttarakhand Open University,,,,,,,,
559,Maharishi Markandeshwar University,,,,,,,,
560,Sri Sai University,,,,,,,,
561,Amity University,,,,,,,,
562,ITM University,,,,,,,,
563,Mahatama Gandhi University,,,,,,,,
564,University of Technology & Management,,,,,,,,
565,Sri Guru Granth Sahib World University,,,,,,,,
566,Raffles University,,,,,,,,
567,Homoeopathy University,,,,,,,,
568,Galgotias University,,,,,,,,
569,Shiv Nadar University,,,,,,,,
570,Babu Banarasi Das University,,,,,,,,
571,Shri Venkateshwara University,,,,,,,,
572,Rajiv Gandhi University of Knowledge Technology,,,,,,,,
573,Karnataka Sanskrit University,,,,,,,,
574,Indian Institute of Technology ,,,,,,,,
575,Indian Institute of Technology,,,,,,,,
576,Indian Institute of Technology,,,,,,,,
577,"Indian Institute of  Information Technology,Design & Manufacturing(IIITDM)",,,,,,,,
578,National Institute of Technology,,,,,,,,
579,National Institute of Technology,,,,,,,,
580,National Institute of Technology,,,,,,,,
581,National Institute of Technology,,,,,,,,
582,National Institute of Technology,,,,,,,,
583,National Institute of Technology,,,,,,,,
584,National Institute of Technology,,,,,,,,
585,National Institute of Technology,,,,,,,,
586,National Institute of Technology,,,,,,,,
587,National Institute of Technology,,,,,,,,
588,KSGH Music and Performing Arts University,,,,,,,,
589,Assam Down Town University,,,,,,,,
590,UKA Tarsadia University,,,,,,,,
591,NIILM University,,,,,,,,
592,Rabindranath Tagore University (formerly known as AISECT University),,,,,,,,
593,People's University,,,,,,,,
594,Oriental University,,,,,,,,
595,RKDF University,,,,,,,,
596,William Carey University,,,,,,,,
597,ICFAI University,,,,,,,,
598,ICFAI University,,,,,,,,
599,ICFAI University,,,,,,,,
600,Pratap University,,,,,,,,
601,Manipal University,,,,,,,,
602,Sunrise University,,,,,,,,
603,JK Lakshmipat University,,,,,,,,
604,Mahatma Gandhi University of Medical Sciences & Technology,,,,,,,,
605,Graphic Era Hill University,,,,,,,,
606,RK University,,,,,,,,
607,The Assam Kaziranga University,,,,,,,,
608,Kalinga University,,,,,,,,
609,Rai University,,,,,,,,
610,AURO University of Hospitality and Management,,,,,,,,
611,M.V.N. University,,,,,,,,
612,Baba MastNath University,,,,,,,,
613,Ansal University ,,,,,,,,
614,Career Point University,,,,,,,,
615,I.E.C. (India Education Centre) University,,,,,,,,
616,Jharkhand Rai University,,,,,,,,
617,Sai Nath University,,,,,,,,
618,A.K.S. University ,,,,,,,,
619,Swami Vivekanand University,,,,,,,,
620,Guru Kashi University,,,,,,,,
621,Sri Sri University,,,,,,,,
622,Maharaj Vinayak Global University,,,,,,,,
623,University of Engineering & Management,,,,,,,,
624,Career Point University,,,,,,,,
625,Vivekananda Global University,,,,,,,,
626,Poornima University,,,,,,,,
627,Sangam University,,,,,,,,
628,Monad University ,,,,,,,,
629,NIIT University,,,,,,,,
630,Dr. Y.S.R. Horticultural Univerity,,,,,,,,
631,National Law University and Judicial Academy,,,,,,,,
632,Bodoland University,,,,,,,,
633,Assam Rajiv Gandhi University of Co-operative Management,,,,,,,,
634,Rajmata Vijayaraje Scindia Krishi Vishwa Vidyalaya,,,,,,,,
635,Gondwana University,,,,,,,,
636,Guru Ravidas Ayurved University,,,,,,,,
637,Swarnim Gujarat Sports University,,,,,,,,
638,Sri Venkateswara Institute of Medical Sciences,,,,,,,,
639,A P Goyal Shimla University,,,,,,,,
640,Geetanjali University,,,,,,,,
641,J.E.C.R.C  University,,,,,,,,
642,Indira Gandhi Technological and Medical Science University,,,,,,,,
643,Atal Bihari Bajpayee Vishwavidyalaya,,,,,,,,
644,ITM University,,,,,,,,
645,Atal Bihari Vajpayee Hindi Vishwavidyalaya,,,,,,,,
646,Arunachal University of Studies,,,,,,,,
647,Chandigarh University,,,,,,,,
648,Shri Ramswaroop Memorial University,,,,,,,,
649,Adesh University,,,,,,,,
650,Assam Science & Technology University,,,,,,,,
651,Venkateshwara Open University,,,,,,,,
652,Techno India University,,,,,,,,
653,Children's University,,,,,,,,
654,Indus University,,,,,,,,
655,Maharaja Agrasen University,,,,,,,,
656,The Glocal University,,,,,,,,
657,Raja Mansingh Tomar Music & Arts University,,,,,,,,
658,Rajasthan University of Veterinary & Animal Sciences,,,,,,,,
659,Rajasthan University of Veterinary & Animal Sciences,,,,,,,,
660,Bihar Agricultural University,,,,,,,,
661,DIT University,,,,,,,,
662,IMS Unison University,,,,,,,,
663,D.A.V University,,,,,,,,
664,Desh Bhagat University,,,,,,,,
665,Uttaranchal University,,,,,,,,
666,Techno Global University,,,,,,,,
667,K.R. Mangalam University,,,,,,,,
668,Jagran Lakecity University,,,,,,,,
669,Shree Guru Gobind Singh Tricentenary University ,,,,,,,,
670,GD Goenka University,,,,,,,,
671,Apex Professional University,,,,,,,,
672,Sardar Patel University of Police  Security & Criminal Justice,,,,,,,,
673,Jagan Nath University,,,,,,,,
674,Swami Rama Himalayan University,,,,,,,,
675,Kumar Bhaskar Varma Sanskrit & Ancient Studies University,,,,,,,,
676,Raksha Shakti University,,,,,,,,
677,Indian Institute of Teacher Education,,,,,,,,
678,Karnataka Folklore University,,,,,,,,
679,Reva University,,,,,,,,
680,Shobhit University,,,,,,,,
681,SRM University,,,,,,,,
682,Himalayan University,,,,,,,,
683,Nalanda University,,,,,,,,
684,South Asian Universit y,,,,,,,,
685,Haridev Joshi University of Journalism and Mass Communication,,,,,,,,
686,Chhattisgarh Kamdhenu Vishwavidyalaya,,,,,,,,
687,Cotton University,,,,,,,,
688,North Orissa University,,,,,,,,
689,Tamil Nadu Fisheries University,,,,,,,,
690,Sri Dev Suman Uttarakhand Vishwavidyalaya,,,,,,,,
691,Presidency  University,,,,,,,,
692,Thunchath Ezhuthachan Malayalam University,,,,,,,,
693,OPJS University,,,,,,,,
694,Tantia University,,,,,,,,
695,PES University,,,,,,,,
696,M.S. Ramaiah University of Applied Sciences,,,,,,,,
697,Xavier university,,,,,,,,
698,C. U. Shah University,,,,,,,,
699,CMR University,,,,,,,,
700,Srimanta Sankaradeva University of Health Sciences,,,,,,,,
701,Tamilnadu National Law School,,,,,,,,
702,Uttarakhand Ayurved University,,,,,,,,
703,Kazi Nazrul University,,,,,,,,
704,Indira Gandhi University,,,,,,,,
705,Sri Satya Sai University of Technology & Medical Sciences,,,,,,,,
706,Madhav University,,,,,,,,
707,Rama University,,,,,,,,
708,Maulana Azad University,,,,,,,,
709,Tamil Nadu Music and Fine Arts University,,,,,,,,
710,Hemwati Nandan Bahuguna Medical Education University,,,,,,,,
711,Shekhawati University,,,,,,,,
712,Al-Falah University,,,,,,,,
713,BML Munjal University,,,,,,,,
714,Team Lease Skills University,,,,,,,,
715,Junagarh Agricultural University,,,,,,,,
716,Dr. Bhimrao Ambedkar Law University,,,,,,,,
717,Veer Chandra Singh Garhwali Uttarakhand University of Horticulture & Forestry ,,,,,,,,
718,ITM Vocational University,,,,,,,,
719,Pacific Medical University,,,,,,,,
720,Dayananda Sagar University,,,,,,,,
721,Shri Ramasamy Memorial University  Sikkim,,,,,,,,
722,Madan Mohan Malaviya University of Technology,,,,,,,,
723,Ashoka University,,,,,,,,
724,Amity University,,,,,,,,
725,Rajiv Gandhi National Aviation University,,,,,,,,
726,Nagaland University,,,,,,,,
727,North East Frontier Technical University,,,,,,,,
728,Chaudhary Ranbir Singh University,,,,,,,,
729,Rayat Bahra University,,,,,,,,
730,Amity University,,,,,,,,
731,Nizam's Institute of Medical Sciences,,,,,,,,
732,Mahapurusha Srimanta Sankaradeva Viswavidyalaya,,,,,,,,
733,Arunodaya University,,,,,,,,
734,Rai Technology University,,,,,,,,
735,Maharishi Mahesh Yogi Vedic Vishwavidyalaya,,,,,,,,
736,IIHMR University,,,,,,,,
737,Maharishi University of Information Technology,,,,,,,,
738,Jaypee University,,,,,,,,
739,U.P. Pandit Deen Dayal Upadhyaya Pashu Chikitsa Vigyan Vishwavidhyalaya Evam Go-Anusandhan Sansthan,,,,,,,,
740,Assam Women's University,,,,,,,,
741,Adamas University,,,,,,,,
742,Adamas University,,,,,,,,
743,Sarvepalli Radhakrishnan University,,,,,,,,
744,GNA University,,,,,,,,
745,Seacom Skills University,,,,,,,,
746,State University of Performing and Visual Arts,,,,,,,,
747,University of Engineering and Management,,,,,,,,
748,JIS University,,,,,,,,
749,Abhilashi University,,,,,,,,
750,Professor Jayashankar Telangana State Agricultural University,,,,,,,,
751,Cooch Behar Panchanan Barma University,,,,,,,,
752,Sant Baba Bhag Singh University,,,,,,,,
753,O.P. Jindal University,,,,,,,,
754,Institute of Trans-Disciplinary Health Sciences and Technology,,,,,,,,
755,Spicer Adventist University,,,,,,,,
756,Lakulish Yoga University,,,,,,,,
757,Sri Konda Laxman Telangana State Horticultural University,,,,,,,,
758,Mahatma Gandhi Central University,,,,,,,,
759,Ajeenkya D.Y. Patil University,,,,,,,,
760,Flame University,,,,,,,,
761,Parul University,,,,,,,,
762,G.L.S. University,,,,,,,,
763,The Neotia University,,,,,,,,
764,Srinivas University,,,,,,,,
765,Sangai International University,,,,,,,,
766,R.N.B. Global University,,,,,,,,
767,Raj Rishi Bhartrihari Matsya University,,,,,,,,
768,LNCT University,,,,,,,,
769,Diamond Harbour Women's University,,,,,,,,
770,Motherhood University,,,,,,,,
771,GSFC University,,,,,,,,
772,Akal University,,,,,,,,
773,Amity University,,,,,,,,
774,J.S. University,,,,,,,,
775,Bankura University,,,,,,,,
776,West Bengal University of Teachers  Training  Education Planning and Administration,,,,,,,,
777,Sanchi University of Buddhist-Indic Studies,,,,,,,,
778,Indian Institute of Public Health,,,,,,,,
779,Institute of Advanced Research,,,,,,,,
780,Manav Rachna University,,,,,,,,
781,Ch. Bansi Lal University,,,,,,,,
782,Maharaja Ranjit Singh Punjab Technical University,,,,,,,,
783,Maharaja Chhatrasal Bundelkhand Vishwavidyalaya,,,,,,,,
784,Delhi Pharmaceutical Sciences & Research University,,,,,,,,
785,A.P.J. Abdul Kalam Technological University,,,,,,,,
786,KLE Technological University,,,,,,,,
787,University of Horticultural Sciences,,,,,,,,
788,Gujarat University of Transplantation Sciences,,,,,,,,
789,Institute of Infrastructure Technology Research and Management,,,,,,,,
790,Maharaja Surajmal Brij University,,,,,,,,
791,Maharishi Arvind University  Jaipur,,,,,,,,
792,P.K. University,,,,,,,,
793,RIMT University,,,,,,,,
794,Maharashtra National Law University,,,,,,,,
795,Medi-Caps University,,,,,,,,
796,MIT Art Design and Technology University,,,,,,,,
797,Mandsaur University,,,,,,,,
798,Dr. B. R. Ambedkar University of Social Sciences,,,,,,,,
799,Central Institute of Buddhist Studies(CIBS),,,,,,,,
800,Brainware University,,,,,,,,
801,Maharaja Bir Bikram University,,,,,,,,
802,PDM University,,,,,,,,
803,Dr. A.P.J Abdul Kalam University,,,,,,,,
804,Shri Vaishnav Vidyapeeth Vishwavidyalaya,,,,,,,,
805,Sandip University,,,,,,,,
806,Sankalchand Patel University,,,,,,,,
807,Anant National University,,,,,,,,
808,Bhupal Nobles University,,,,,,,,
809,Navsari Agriculture University,,,,,,,,
810,Amity University,,,,,,,,
811,Pragyan International University,,,,,,,,
812,Malwanchal University,,,,,,,,
813,AISECT University,,,,,,,,
814,Bhakta Kavi Narsinh Mehta University,,,,,,,,
815,Shri Govind Guru University,,,,,,,,
816,Govind Guru Tribal University,,,,,,,,
817,Marwadi University,,,,,,,,
818,Khallikote University,,,,,,,,
819,Siddharth University,,,,,,,,
820,The Sanskrit College and University,,,,,,,,
821,Era University,,,,,,,,
822,Gangadhar Meher University,,,,,,,,
823,Bennett University,,,,,,,,
824,Sanskriti University,,,,,,,,
825,Rama Devi Women's University,,,,,,,,
826,IIMT University,,,,,,,,
827,Allahabad State University,,,,,,,,
828,ISBM University,,,,,,,,
829,G.H Raisoni University,,,,,,,,
830,Plastindia International University,,,,,,,,
831,Jharkhand Raksha Shakti University,,,,,,,,
832,International Institute of Information Technology (IIIT),,,,,,,,
833,Usha Martin University,,,,,,,,
834,Birla Global University,,,,,,,,
835,The Assam Royal Global University,,,,,,,,
836,Jharkhand Raksha Shakti University,,,,,,,,
837,CT University,,,,,,,,
838,Symbiosis University of Applied Sciences (SUAS),,,,,,,,
839,St. Joseph University,,,,,,,,
840,Harcourt Butler Technical University,,,,,,,,
841,Bareilly International University,,,,,,,,
842,Sai Tirupati University,,,,,,,,
843,St. Xavier's University,,,,,,,,
844,Uttarakhand Aawasiya Viswavidyalaya,,,,,,,,
845,Starex University,,,,,,,,
846,Avantika University,,,,,,,,
847,Karnataka State Rural Development and Panchayat Raj University,,,,,,,,
848,Garden City University,,,,,,,,
849,"Maharashtra National Law University,",,,,,,,,
850,Mody University of Science & Technology,,,,,,,,
851,Mody University of Science & Technology,,,,,,,,
852,Cluster University of Jammu,,,,,,,,
853,Karnavati University,,,,,,,,
854,Banda University of Agriculture & Technology,,,,,,,,
855,P. P. Savani University,,,,,,,,
856,Dr. Vishwanath Karad MIT World Peace University,,,,,,,,
857,Himalayan Garhwal University,,,,,,,,
858,Himalayan Garhwal University,,,,,,,,
859,Raiganj University,,,,,,,,
860,Vishwakarma University,,,,,,,,
861,Symbiosis Skills and Open University,,,,,,,,
862,University of Technology,,,,,,,,
863,Sri Guru Ram Das University of Health Sciences,,,,,,,,
864,Uttar Pradesh University of Medical Sciences,,,,,,,,
865,JSS Science & Technology University,,,,,,,,
866,Sandip University,,,,,,,,
867,Maharashtra National Law University,,,,,,,,
868,Bhartiya Skill Development University,,,,,,,,
869,K K University,,,,,,,,
870,Manipur Technical University,,,,,,,,
871,Jananayak Chandrashekhar University,,,,,,,,
872,Shri Guru Ram Rai University,,,,,,,,
873,Sarla Birla University,,,,,,,,
874,Bengaluru North University,,,,,,,,
875,Swarnim Startup & Innovation University,,,,,,,,
876,Sanjay Ghodawat University,,,,,,,,
877,Bengaluru Central University,,,,,,,,
878,Sharnbasva University,,,,,,,,
879,Haryana Vishwakarma Skill University,,,,,,,,
880,Bhagwant Global University,,,,,,,,
881,University of Agricultural Sciences,,,,,,,,
882,Odisha State Open University,,,,,,,,
883,YBN University,,,,,,,,
884,Arka Jain University,,,,,,,,
885,Manipur University of Culture,,,,,,,,
886,The Global University,,,,,,,,
887,Indrashil University,,,,,,,,
888,Chinmaya Vishwavidyapeeth,,,,,,,,
889,Kamdhenu University,,,,,,,,
890,Ras Bihari Bose Subharti university,,,,,,,,
891,International Institute of Information Technology,,,,,,,,
892,Quantum University,,,,,,,,
893,Rajasthan ILD Skills University (RISU),,,,,,,,
894,VIT Bhopal University,,,,,,,,
895,Cluster University of Srinagar,,,,,,,,
896,Pandit S N Shukla University,,,,,,,,
897,Kaloji Narayan Rao University of Health Sciences,,,,,,,,
898,Sage University,,,,,,,,
899,Sri P V Narsimha Rao Telangana Veterinary University,,,,,,,,
900,Maharana Partap Horticultural University,,,,,,,,
901,SRM University,,,,,,,,
902,Centurion University of Technology and Management,,,,,,,,
903,World University Of Design,,,,,,,,
904,Veer Surendra Sai Institute of Medical Science and Research,,,,,,,,
905,Sister Nivedita University,,,,,,,,
906,Amity University,,,,,,,,
907,Sardar Krushinagar Dantiwada Agricultural University,,,,,,,,
908,Himachal Pradesh National Law University,,,,,,,,
909,Hemchand Yadav Vishwavidyalaya(Earlier known as Durg Vishwavidyalaya),,,,,,,,
910,Renaissance University,,,,,,,,
911,Binod Bihari Mahto Koylanchal University,,,,,,,,
912,D Y Patil International University,,,,,,,,
913,Dr C. V. Raman University,,,,,,,,
914,Dr Shyama Prasad Mukherjee University,,,,,,,,
915,Dr. Shyama Prasad University,,,,,,,,
916,Gokul Global University,,,,,,,,
917,Atmiya University,,,,,,,,
918,VIT-AP University,,,,,,,,
919,Indian Association for the Cultivation of Science (IACS),,,,,,,,
920,IILM University,,,,,,,,
921,Madhyanchal Professional University,,,,,,,,
922,Bhabha University,,,,,,,,
923,Munger University,,,,,,,,
924,Purnea University,,,,,,,,
925,Indira Gandhi Delhi Technical University for Women,,,,,,,,
926,Shri Rawatpura Sarkar University,,,,,,,,
927,Gopal Narayan Singh University,,,,,,,,
928,Shri Krishna University,,,,,,,,
929,Patliputra University,,,,,,,,
930,National Rail and Transportation Institute ,,,,,,,,
931,Dharmashastra National Law University,,,,,,,,
932,Mansarovar Global University,,,,,,,,
933,Sardar Patel University,,,,,,,,
934,Dr C V Raman University,,,,,,,,
935,Al-Karim University,,,,,,,,
936,AAFT University of Media and Arts,,,,,,,,
937,Birsa Munda Tribal University,,,,,,,,
938,Netaji Subhas University,,,,,,,,
939,Adichunchanagiri University,,,,,,,,
940,Chhatrapati Shivaji Maharaj University,,,,,,,,
941,Khaja Bandanawaz University,,,,,,,,
942,Dhanamanjuri University,,,,,,,,
943,National Sports University,,,,,,,,
944,Netaji Subhas University of Technology,,,,,,,,
945,National Sports University,,,,,,,,
946,Radha Govind University,,,,,,,,
947,Krishnaguru Adhyatmik Visvavidyalaya,,,,,,,,
948,Capital University,,,,,,,,
949,Bihar Animal Sciences University,,,,,,,,
950,Apex university ,,,,,,,,
951,Lords University,,,,,,,,
952,Shyam University,,,,,,,,
953,KREA University,,,,,,,,
954,Central Institute of Technology(CIT),,,,,,,,
955,Saveetha Amaravati University,,,,,,,,
956,Sikkim State University,,,,,,,,
957,AIPH University,,,,,,,,
958,Shri Khushal Das University,,,,,,,,
959,Gandhi Institute of Engineering & Technology University.,,,,,,,,
960,Sardar Bhagwan Singh University,,,,,,,,
961,Bikaner Technical University,,,,,,,,
962,Maharishi Balmiki Sanskrit University,,,,,,,,
963,Gurugram University,,,,,,,,
964,Dr. Abdul Haq Urdu University,,,,,,,,
965,Manipur International University,,,,,,,,
966,Ramchandra Chandravansi University,,,,,,,,
967,Mata Gujri University,,,,,,,,
968,Om Sterling Global University,,,,,,,,
969,Gujarat Maritime University,,,,,,,,
970,Bharatiya Engineering Science and Technology Innovation University,,,,,,,,
971,Jharkhand University of Technology,,,,,,,,
972,Dr. B.R. Ambedkar National Law University,,,,,,,,
973,Ram Krishna Dharmath Foundation University,,,,,,,,
974,Shri Dharmasthala Manjunatheshwara University,,,,,,,,
975,Dr. Ram Manohar Lohia Institute of Medical Sciences,,,,,,,,
